Genes,Meningitis,Stroke,Glioblastoma,M-Log2FC,S-Log2FC,GB-Log2FC
Cd14,1,1,1,8.185625,1.804096,2.327972
Ifit2,1,0,1,5.691888,-0.65213,1.423367
Zbp1,1,1,1,6.578972,1.908878,4.13276
Slc15a3,1,1,1,5.533522,1.772668,2.173355
Rnd1,1,1,1,5.872449,1.520225,1.163263
Hdc,1,1,1,5.102411,2.718407,2.133474
Il18bp,1,1,1,4.161262,0.83933,1.780439
Ifi204,1,1,1,6.25207,1.65514,3.453593
Irf8,1,1,1,5.081765,0.883777,3.673558
Fcgr4,1,1,1,6.06172,2.885104,4.985196
Icam1,1,1,1,5.002409,1.128993,1.135796
Sting1,1,1,1,4.387844,1.604692,3.485491
Pnp,1,1,1,4.27401,0.790053,0.972349
Csf2rb2,1,1,1,6.24318,1.417563,3.307559
Sod2,1,1,0,3.807641,0.887962,-0.72054
Prickle1,0,0,0,-3.11327,-0.7438,-1.42238
Glipr2,1,1,1,4.44529,1.294786,1.0759
Epsti1,1,1,1,4.347084,1.020184,3.847819
Mlkl,1,1,1,4.095757,1.820725,2.356335
Kit,1,1,1,3.317134,2.18122,2.536748
Csf2rb,1,1,1,4.364294,2.253145,3.744848
Cxcl12,0,0,0,-3.8607,-1.21186,-1.48487
Casp4,1,1,1,5.097191,0.887944,2.815116
Il4ra,1,1,1,3.635721,1.118906,1.078739
Slfn2,1,1,1,3.841386,0.994578,1.600238
Glrx,1,1,1,3.606792,0.632888,1.140055
Lgals9,1,1,1,2.952676,0.557452,0.736809
Myd88,1,1,1,2.906355,0.689475,0.742487
Ppa1,1,1,1,3.799599,1.593034,1.274064
Rab20,1,1,1,5.56697,1.405172,1.983963
Isg15,1,1,1,3.840088,0.811514,1.925508
Inhbb,1,1,1,5.242924,2.755801,2.227263
Ptprb,0,0,0,-3.76148,-0.57821,-1.03685
Tap2,1,1,1,2.870907,0.416393,0.849376
Gimap4,1,1,1,3.462826,1.373599,2.251878
Ctps1,1,1,1,3.304803,0.682457,0.559445
Sell,1,1,1,4.437251,3.256488,4.886034
Tap1,1,1,1,4.260561,0.736407,2.558382
Hmcn1,0,0,0,-5.43817,-1.21717,-0.85457
C3,1,1,1,5.174043,2.608759,5.867425
Cebpb,1,1,1,4.811923,1.769972,1.720905
Adamts1,1,1,1,3.790683,1.450326,1.209164
Notum,0,0,0,-4.24121,-1.18606,-1.4375
Asns,1,1,1,2.800901,1.368765,0.671694
C1ra,1,1,1,3.835684,0.611427,0.837445
Bche,0,0,0,-4.85725,-0.85633,-1.42178
NA,1,0,1,3.16684,-1.38583,2.293676
Nfkbiz,1,1,1,5.604297,1.071465,1.097817
Oas3,1,1,1,7.350249,2.730355,4.521007
Ccl9,1,1,1,4.425744,2.133629,2.352582
Psmb8,1,1,1,3.361368,0.688214,1.765817
Angpt2,1,1,1,4.209098,1.758572,2.44855
Ifi211,1,1,1,5.573965,1.886957,4.69234
Ifi35,1,1,1,2.482154,0.508378,0.991883
Irgm2,1,0,1,3.072598,-0.48926,0.881424
Cd200,1,1,1,2.848561,0.766378,0.603307
Hck,1,1,1,3.598994,1.71292,3.307099
Ms4a6d,1,1,1,4.257757,2.119359,2.950292
Mpeg1,1,1,1,3.07213,1.391984,3.285189
Tnfaip3,1,1,1,4.760763,0.82436,1.838254
Il2rg,1,1,1,2.332185,1.518805,1.025416
Rhpn2,0,0,0,-2.93637,-0.7916,-1.52737
Tuba1c,1,1,1,3.405744,1.841941,1.448517
Adam9,1,1,1,2.253699,0.453513,0.451614
Tnfaip2,1,1,1,3.301061,1.105177,1.510962
Ptpre,1,1,1,3.248214,1.332835,1.359976
Slfn1,1,1,1,6.842926,3.743154,6.439693
Sp110,1,1,1,2.854085,0.888737,1.091657
Dusp2,1,1,1,4.593228,1.549661,4.765284
Gm59199,1,1,1,3.584469,1.532337,1.265441
Ccl11,1,1,1,5.918113,4.272732,4.426305
Fzd6,0,0,0,-2.70111,-0.56645,-0.53545
Palm,0,0,0,-2.6327,-0.88874,-1.4827
Lgals3bp,1,1,1,2.645944,0.775948,1.034599
Hey1,0,0,0,-2.96132,-0.6869,-1.39734
Tlr2,1,1,1,4.167906,0.585572,1.651485
Uchl3,1,1,1,3.04489,2.024469,1.038896
Ier3,1,1,1,3.016936,0.546938,1.304443
Mcoln2,1,1,1,3.905631,2.062927,1.357742
Slc16a4,0,0,0,-3.48574,-0.81314,-0.68871
Lcp2,1,1,1,3.100917,1.538788,3.246942
Plekho2,1,1,1,2.608673,0.995829,1.928737
Gtf2i,0,0,0,-1.84319,-0.51257,-0.69885
Nmi,1,1,1,2.376238,0.393009,0.784683
Serpine1,1,1,1,3.364946,2.723942,4.406222
Gimap9,1,1,1,2.551642,1.118534,0.707491
Gstm7,0,0,0,-2.98367,-1.03784,-1.03741
Fgr,1,1,1,3.586068,2.688484,3.992421
Kif26a,0,0,0,-3.16291,-0.43487,-0.83349
Chil3,1,1,1,4.981694,4.30272,7.710944
Tcf7,0,0,0,-2.55402,-0.49508,-0.602
Lrrn3,0,0,0,-3.12138,-1.1311,-1.28035
Parp3,1,1,1,2.825775,0.498901,1.920046
Gm45552,0,0,0,-4.32351,-1.10973,-1.20819
Ube2l6,1,1,1,3.123085,0.52682,0.536534
Abcb1a,0,0,0,-2.19048,-0.86012,-1.01007
Mthfd2,1,1,1,3.857979,1.82375,2.258098
Taf4b,1,1,1,2.290784,0.857471,1.363068
Bid,1,1,1,3.331445,1.048003,1.223991
Btg1,1,1,1,2.032188,0.505685,0.745841
Atf4,1,1,1,2.731735,0.929745,0.575735
Itpr3,0,0,0,-2.3475,-0.42987,-1.13863
Tnfrsf1a,1,1,1,1.84811,0.682975,0.672571
Hp,1,1,1,4.746677,3.597378,3.154078
Psme1,1,1,1,2.15182,0.757771,0.504904
Clec4e,1,1,1,7.606941,4.32772,6.754074
Efr3b,0,0,0,-2.71211,-0.93297,-1.24224
Pprc1,1,1,1,2.23545,1.06139,1.422291
Nfkb2,1,1,1,3.162263,0.973232,1.137518
Bst2,1,1,1,3.732646,1.022553,1.689528
Ifrd1,1,1,1,3.199069,0.682118,0.695926
Tpm3,1,1,1,1.977374,0.93815,0.653027
Irf6,0,0,0,-2.67889,-0.98598,-0.93198
Polk,0,0,0,-2.20244,-0.91485,-0.86108
AA467197,1,1,1,8.847558,3.727716,7.463322
Slc7a5,0,0,0,-3.61633,-1.02366,-0.82364
Il3ra,1,1,1,2.435631,0.679482,1.628489
Spock2,0,0,0,-3.63415,-1.2157,-1.29815
Ms4a6c,1,1,1,3.116259,1.198656,1.72934
Mtss1,0,0,0,-2.72559,-0.67884,-0.75642
Hif1a,1,1,1,2.474401,0.472145,0.559633
Myc,1,1,1,4.243256,2.201919,4.865422
Nus1,1,1,1,2.413807,0.815099,0.603031
Plin2,1,1,1,2.278396,1.231131,0.706957
Slc39a10,0,0,0,-2.1108,-0.9171,-0.89586
Gpr141,1,1,1,5.544774,2.445431,5.064501
Slc40a1,0,0,0,-3.65884,-0.89667,-0.70346
Mmp8,1,1,1,5.764608,2.940712,5.110302
Slc16a2,0,0,0,-3.0164,-0.49169,-1.33397
St6galnac3,0,0,0,-3.36673,-0.62598,-1.29225
Ripk3,1,1,1,2.423409,1.315276,1.33025
Psme2,1,1,1,2.576576,0.941396,1.018912
Naa25,1,1,1,2.315246,0.845635,0.830061
Upp1,1,1,1,8.101408,3.859169,3.889009
Ptprr,0,0,0,-2.47945,-0.80968,-1.38252
Ly6c2,1,1,1,3.370815,0.820039,4.752347
Trim30b,1,1,1,7.035343,3.182396,3.017713
Prdm16,0,0,0,-1.86761,-0.5194,-1.21604
Txnrd1,1,1,1,2.104267,0.933583,1.042956
Plscr4,0,0,0,-2.23839,-0.62014,-1.09887
Tril,0,0,0,-2.33409,-1.07682,-1.39991
Nfkbie,1,1,1,3.546862,1.004075,1.999303
Unc5b,0,0,0,-2.75781,-0.56742,-0.67347
Cracd,0,0,0,-3.02101,-1.12903,-1.39664
Itm2a,0,0,0,-3.98996,-0.91294,-1.17676
Hk3,1,1,1,3.721049,1.580015,2.143595
H2-K1,1,1,1,2.354792,0.700827,1.352213
Junb,1,1,1,2.836687,1.126468,1.177275
Ramp2,0,1,0,-2.73324,0.372975,-1.09211
Slc22a8,0,0,0,-3.21396,-1.003,-1.3027
D17H6S56E-5,1,1,1,6.011585,1.054972,3.807663
Pdlim1,1,1,1,2.206618,1.897613,1.905865
Noc4l,1,1,1,1.778279,0.906292,1.334697
Gm10791,1,1,1,3.484685,1.267596,1.020655
Pdxk,0,0,0,-2.23779,-1.07938,-1.25433
Pgs1,1,1,1,1.629493,1.020761,1.392577
Ms4a6b,1,1,1,3.307138,0.701511,1.475896
Axin2,0,0,0,-2.27981,-1.15873,-0.91694
Ptpn1,1,1,1,1.426483,0.54199,0.748185
Lck,1,1,1,4.184391,1.461499,4.624621
Ttc28,0,0,0,-1.48794,-0.51589,-0.95434
Tnfrsf10b,1,1,1,2.235373,1.444376,0.903096
Ifitm1,1,1,1,3.368926,1.493124,1.01495
Hspb1,1,1,0,2.424583,0.635738,-1.24715
Npm3,1,1,1,1.925879,1.148309,1.18382
Flvcr2,0,0,0,-2.42834,-0.67388,-0.8056
Eif2s2,1,1,1,1.937759,0.77251,0.870139
Bcl3,1,1,1,3.590198,0.633428,2.001747
Apcdd1,0,0,0,-2.1702,-0.36109,-0.56294
Klra2,1,1,1,5.251972,2.897639,4.376003
Fcgr1,1,1,1,3.064678,1.570253,2.799438
Cars1,1,1,1,1.791001,0.691526,0.945221
Gm72884,0,0,0,-2.56769,-1.1588,-0.71872
Hmga1,1,1,1,3.077809,1.635524,1.382421
Itgal,1,1,1,3.542313,2.772122,4.233972
Psmb10,1,1,1,2.269041,0.460202,0.690636
Slamf8,1,1,1,5.861398,2.154882,6.477202
Ptprc,1,1,1,2.368348,2.02126,3.009125
Eif1a,1,1,1,2.411879,0.565925,1.021501
Hip1,0,0,0,-1.56804,-0.4172,-0.57169
Tfdp2,0,0,0,-1.45085,-0.76643,-0.64307
AI506816,1,1,1,1.857765,2.603291,4.910165
Bsg,0,0,0,-3.51802,-0.84295,-1.03327
AB124611,1,1,1,2.685329,1.752531,1.927772
Itih5,0,0,0,-1.93019,-1.33503,-1.45139
Gsdmd,1,1,1,1.913412,0.429574,1.106258
Acod1,1,1,1,13.24113,4.999903,7.174751
Dixdc1,0,0,0,-1.67041,-0.93271,-1.46233
Traf1,1,1,1,2.806853,0.976005,1.57676
Pisd,1,1,1,1.657024,0.910213,0.638159
Arhgef10,0,0,0,-1.72742,-0.39171,-0.7831
Gm9946,0,0,0,-5.56013,-1.52161,-1.67307
Tnfrsf19,0,0,0,-2.51594,-0.80266,-1.0177
Rassf8,0,0,0,-1.45738,-0.48805,-0.77721
Add3,0,0,0,-1.49504,-0.40262,-0.90125
Pirb,1,1,1,3.422519,2.645235,2.739394
Slfn4,1,1,1,12.92506,4.047315,5.766342
Smarca2,0,0,0,-1.81823,-0.6996,-1.25691
Lrp8,0,0,0,-3.01827,-0.95884,-0.54114
Relb,1,1,1,3.235895,0.835356,0.940054
Fmo5,0,0,0,-1.76587,-0.75975,-1.39276
Degs2,0,0,0,-3.28992,-0.50011,-0.88164
Ccl6,1,1,1,2.982731,2.39959,4.013058
Tmem106a,1,1,1,2.341384,0.983281,1.13755
Rasgrp3,0,0,0,-2.02553,-0.80252,-0.81886
Limch1,0,0,0,-2.02437,-0.72469,-0.8174
Ptprg,0,0,0,-1.17605,-0.43296,-0.93822
Tnfrsf1b,1,1,1,1.289617,0.387846,0.585679
Cd300lf,1,1,1,5.382836,2.61666,5.283459
Inpp5f,0,0,0,-1.74282,-0.71595,-0.59338
Plod3,1,1,1,1.547636,0.772708,0.608696
Hcls1,1,1,1,2.023371,1.8248,2.810695
Arrdc4,1,1,1,2.595607,0.909577,0.946283
Txn1,1,1,1,1.803141,1.246195,0.583297
Cytip,1,1,1,3.38064,2.74236,4.400225
Plk3,1,1,1,2.247698,0.775603,1.025406
H2-Q6,1,1,1,3.927643,1.276489,2.283456
Il17ra,1,1,1,2.650569,0.953067,1.406377
H2-D1,1,1,1,2.006903,0.537199,0.923299
Siglec1,1,1,1,2.621054,1.489147,0.980317
Lnx2,0,0,0,-2.05633,-0.64518,-0.5641
Siglece,1,1,1,3.215615,2.053142,2.182789
Neurl3,1,1,1,5.625732,2.133545,3.602213
Nipal3,0,0,0,-2.33112,-0.7016,-1.15854
Ggct,1,1,1,1.911204,0.689265,2.547241
Cdk19,0,0,0,-2.02708,-1.15149,-1.23866
Abcb1b,1,1,1,2.030124,0.489257,1.076849
Manf,1,1,1,1.965782,1.003584,1.101063
Ifitm6,1,1,1,3.49313,3.212919,5.783058
Marcksl1,1,1,1,2.489565,1.130779,2.213142
Ret,0,0,0,-2.31183,-0.43039,-1.14535
Fut8,0,0,0,-2.25338,-0.53379,-1.34279
Ncf1,1,1,1,2.347449,0.863802,2.410934
Tecrl,0,0,0,-4.94487,-1.31326,-0.94386
Phactr2,0,0,0,-1.18066,-0.40537,-0.84211
Psmg4,1,1,1,1.576069,0.832535,1.379181
Dpp4,0,0,0,-3.47521,-0.59862,-0.76638
Itga5,1,1,1,1.509302,1.510769,1.207042
Nek6,1,1,1,1.787099,0.883843,0.9805
Hyal1,0,0,0,-2.22026,-0.64897,-1.18485
Fam217a,0,0,0,-2.74174,-0.54068,-1.18368
Grwd1,1,1,1,1.66298,1.473267,0.982229
Ms4a4c,1,1,1,6.417517,3.254711,5.241038
Plaur,1,1,1,5.346028,2.185621,2.093598
Nudt12,0,0,0,-2.44058,-0.6644,-1.01524
Prxl2c,0,0,0,-1.36828,-0.5639,-1.03297
Itgb3,1,1,1,2.054043,1.237435,1.669083
Dgke,0,0,0,-1.41214,-0.63976,-0.54919
Slc12a6,0,0,0,-1.38662,-0.38943,-0.66122
Cd2ap,0,0,0,-1.52792,-0.69091,-0.56465
Etv6,1,1,1,1.708107,0.487742,0.882429
Tgif1,1,1,1,2.226684,0.969074,1.585523
Cd44,1,1,1,2.70369,2.682328,3.540476
Vars1,1,1,1,1.518658,0.715491,1.960053
Car13,1,1,1,5.691444,2.652203,3.744936
Il1rn,1,1,1,7.623691,4.351297,9.752319
Klf12,0,0,0,-2.04399,-0.60268,-1.23976
Pign,1,1,1,1.735476,0.390729,0.981998
Eef1e1,1,1,1,1.785319,1.702229,1.031454
Gpr155,0,0,0,-1.67408,-0.53556,-0.57079
Mapk6,1,1,1,2.145163,0.655545,0.490965
Gm20655,0,0,0,-3.31515,-0.75422,-0.81143
Pvr,1,1,1,2.367902,1.084448,2.027293
Mfsd2a,0,0,0,-2.49966,-0.82623,-0.95489
Themis2,1,1,1,2.687273,0.978052,3.010033
Igf1r,0,0,0,-1.91794,-0.92719,-0.79225
Ablim1,0,0,0,-2.88011,-0.8517,-0.83175
Tjp1,0,0,0,-1.21664,-0.62795,-0.67302
Aig1,1,1,1,1.190738,0.917195,1.610329
Tspan9,0,1,0,-1.5834,0.603666,-0.51012
Msr1,1,1,1,2.67069,1.858359,2.031971
Golim4,0,0,0,-1.48302,-0.73382,-0.76746
Gm60090,0,1,1,-2.54203,0.827824,0.874149
Rab11fip5,0,0,0,-1.3908,-0.33697,-0.85052
Ptgr3,0,0,0,-1.68492,-0.41106,-0.63184
Il17rd,0,0,0,-1.49725,-0.54699,-1.07152
Mcph1,1,1,1,1.836606,1.01224,1.936485
Tspan13,0,0,0,-2.39305,-0.67394,-0.58553
Gpd2,0,0,0,-1.4966,-0.64044,-0.86565
Cavin2,0,0,0,-3.11594,-0.62395,-1.31891
Sox17,0,0,0,-2.46543,-0.46741,-1.32826
Afap1l2,0,0,0,-1.56405,-0.4506,-1.11896
Il6,1,1,1,13.03415,5.783563,5.045258
Rassf3,0,0,0,-1.31012,-0.43408,-0.64863
Zfp366,0,0,0,-2.3496,-0.61972,-0.6954
Cybb,1,1,1,2.576855,0.952552,2.447263
Dusp3,0,0,0,-1.16995,-0.42641,-1.11578
Jpt2,1,1,1,1.674954,1.132805,1.116671
Jmy,0,0,0,-1.0593,-0.80436,-0.77384
H2-M3,1,1,1,1.935872,0.354456,1.142137
Smpdl3a,0,0,0,-2.28786,-0.4736,-0.84015
Mcc,0,0,0,-1.70312,-0.92497,-0.82952
Hap1,1,0,1,2.495904,-1.00421,0.788707
Ikbke,1,1,1,3.904992,1.641223,2.640715
Vmp1,1,1,1,1.363179,0.902624,0.907551
Slc7a6,1,1,1,1.89855,0.822487,1.082437
Eps8l2,0,0,0,-1.98693,-0.8431,-1.21449
Fut4,1,1,1,2.508211,1.438816,2.76043
Tdrp,0,0,0,-1.72893,-0.72306,-0.63578
Ndnf,0,0,0,-2.40178,-1.11596,-1.11862
C130074G19Rik,0,0,0,-1.64137,-0.66334,-0.89982
Slc25a32,0,0,0,-1.27897,-0.48685,-0.80205
Ppp1r16b,0,0,0,-1.69931,-0.45977,-0.78957
Smad7,0,0,0,-1.87709,-0.55709,-0.89502
Usb1,1,1,1,1.367495,0.689242,0.982514
Sh3bp2,1,1,1,1.969031,1.165416,2.532413
Lrp5,0,0,0,-1.508,-0.31292,-0.60673
Trib1,1,1,1,2.528246,1.055355,0.674274
Plac8,1,1,1,5.250485,3.695774,6.970339
Sla,1,1,1,2.164258,1.720558,2.395411
Spi1,1,1,1,1.699304,1.357357,2.586984
Polr3d,1,1,1,1.64856,0.859345,0.735577
Kazald1,0,0,0,-2.27947,-0.84497,-1.61638
F10,1,1,1,5.594923,2.944034,6.250449
Klk8,0,1,1,-2.87386,0.881757,1.705571
Foxn3,0,0,0,-1.12575,-0.49888,-0.74723
Tubb6,1,1,1,4.410593,2.892379,2.720812
Stxbp6,0,0,0,-2.24883,-0.81783,-0.69112
Zfp704,0,0,0,-1.31504,-0.76258,-1.14933
Mcemp1,1,1,1,4.47143,3.739436,3.822764
Hmgn2,0,1,1,-1.67322,0.53707,0.644347
Eif6,1,1,1,1.575521,0.966826,0.958072
Usp46,0,0,0,-1.25312,-0.47746,-0.89167
Amot,0,0,0,-1.2839,-0.89787,-1.11484
Baz1a,1,1,1,1.845441,0.720408,1.722827
Fcgr2b,1,1,1,1.701826,0.771728,1.829868
Ccl12,1,1,1,4.765223,1.752711,1.449957
Tgfb2,0,0,0,-2.35895,-1.00052,-0.71075
Atp8a1,0,0,0,-1.05278,-0.49226,-1.12794
Cers6,1,1,1,2.166136,1.117017,1.549519
Gstcd,1,1,1,1.596038,0.808157,0.926251
Il1r2,1,1,1,4.142776,3.714517,3.999304
Islr2,0,0,0,-1.75575,-1.12908,-1.85401
Tsr1,1,1,1,1.600775,1.10468,0.778663
Ctla2a,1,1,1,2.183351,1.753344,1.862736
Ccr1,1,1,1,2.953522,2.75829,3.517565
Plekhh2,0,0,0,-1.8168,-1.22998,-1.28768
Cchcr1,1,1,1,1.911204,1.261424,2.227841
Akt3,1,0,0,1.413763,-0.44572,-0.60764
Chd7,1,1,1,2.110961,0.677552,1.605568
Lrp6,0,0,0,-1.06641,-0.7013,-0.56785
Ifi209,1,1,1,3.4566,3.581594,4.159677
Adamts4,1,1,1,6.420607,2.796,2.440165
Abhd2,0,0,0,-1.46804,-0.4394,-0.4434
Heatr1,1,1,1,1.286751,1.018749,0.630704
Cobll1,0,0,0,-1.39008,-0.57325,-0.96444
Rrp9,1,1,1,1.182725,1.221258,1.203005
Ccr5,1,1,1,3.007674,2.61723,3.507273
Adgre4,1,1,1,3.368515,2.991717,2.922256
Treml4,1,1,1,3.464084,3.119556,2.971887
Ncf4,1,1,1,2.967034,2.529717,3.41173
Ptgs2,1,1,1,6.37284,0.907027,1.838501
Jcad,0,0,0,-2.01348,-1.11479,-1.1968
Adam8,1,1,1,3.670034,3.099589,3.02077
Itgb2,1,1,1,1.975654,2.220023,3.333826
Clstn1,0,0,0,-1.08126,-0.54327,-1.55226
Lama3,0,0,0,-1.83383,-0.63454,-1.34935
Mir22hg,1,1,1,2.221826,0.901779,1.0734
Il10ra,1,1,1,2.039075,0.920972,2.443752
Ubash3b,1,1,1,2.152802,0.828603,1.015543
Pnpt1,1,1,1,1.902694,0.653945,1.001302
Samd12,0,0,0,-1.47911,-0.6501,-1.36159
Nop58,1,1,1,1.702968,1.287493,1.064633
Cd177,1,1,1,4.170062,2.653512,5.601942
Slc39a1,1,1,1,1.178085,0.709411,0.62156
Tpm3-rs7,1,1,1,1.877255,0.827183,2.094676
Gvin3,1,1,1,3.385297,1.161563,3.124848
Nlrp3,1,1,1,3.29605,1.737193,1.43814
Fcer1g,1,1,1,1.636898,1.061999,2.132046
1700030F04Rik,0,0,0,-6.50087,-2.26761,-1.88786
Lhfpl2,0,0,0,-2.68021,-0.70504,-0.57822
Plek,1,1,1,2.677433,1.073871,1.786499
Mettl1,1,1,1,1.618705,2.15615,1.381469
Ctsf,0,0,0,-1.18855,-0.70033,-1.51976
Clec4d,1,1,1,6.011038,3.372633,5.568161
Map4k2,0,0,0,-1.93493,-0.78957,-0.59977
Rars1,1,1,1,1.299827,1.036745,1.357605
Trem6l,1,1,1,4.205539,2.68529,2.993765
Hmox1,1,1,1,1.758119,3.899685,1.798148
Anxa1,1,1,1,2.207662,0.483907,1.682125
Rab11fip1,0,0,0,-1.534,-0.97786,-0.58174
Cert1,0,0,0,-1.03513,-0.78524,-0.84677
6330403K07Rik,1,0,0,2.396563,-0.88238,-1.30499
Kif1c,0,0,0,-0.94809,-0.31694,-0.85158
Tfrc,0,0,0,-2.00639,-1.26179,-0.56971
Fmo1,0,0,0,-1.54006,-0.83591,-1.52014
Igsf6,1,1,1,2.209332,1.427025,1.879033
Ccdc86,1,1,1,1.222889,1.04696,1.078101
Tmem245,0,0,0,-1.1401,-0.70418,-0.46961
Ptpn2,1,1,1,1.601931,0.782604,1.034064
S100a11,1,1,1,1.244196,1.378655,0.825129
Zfp763,0,0,0,-1.57245,-0.59508,-0.67909
Psd4,1,1,1,2.345094,1.752108,3.739415
Gnl3,1,1,1,1.536653,1.060809,1.865205
Epas1,0,0,0,-0.98177,-0.49245,-1.0701
Hpse,1,1,1,3.633602,1.170163,2.314244
Dph5,1,1,1,1.748696,1.402042,0.956085
Ccdc88b,1,1,1,2.326002,1.423252,2.939894
Cct2,1,1,1,1.102655,0.865684,0.459686
Gpr171,1,1,1,5.079635,3.050279,3.006424
Pllp,0,0,0,-4.56067,-0.6401,-1.17165
Pik3ap1,1,1,1,2.263715,0.886954,2.128102
Pltp,0,0,0,-2.07403,-0.7132,-1.80715
Gmppb,1,1,1,1.25452,0.984357,0.833447
Pola2,1,1,1,1.664398,0.866395,1.786293
Magix,0,0,0,-5.42765,-0.81991,-1.44713
Ldlrad3,0,0,0,-1.70233,-0.65666,-0.90939
Lmo7,0,0,0,-1.24157,-0.75512,-1.12237
Smim3,1,1,1,1.702166,0.754417,0.99516
Mpzl1,0,0,0,-1.9309,-0.36881,-0.63753
Ifi27l2a,1,1,1,2.080332,2.053787,2.681455
Dab2ip,0,0,0,-1.25317,-0.36668,-1.09576
Selp,1,1,1,10.46916,4.088335,5.978509
Gusb,0,1,1,-1.2181,0.519963,0.521991
Ybx3,1,1,1,0.977937,0.954256,0.554951
Dusp5,1,1,1,2.39497,2.374895,2.525827
Actr3,1,1,1,1.616686,0.709187,0.460749
Zic2,0,0,0,-1.55003,-0.47783,-0.73898
Ltv1,1,1,1,1.3647,1.364221,0.683118
Tmtc2,0,0,0,-1.4432,-0.73087,-1.17215
Mllt6,0,0,0,-1.20651,-0.63422,-0.71688
Ptpn6,1,1,1,1.455389,1.443641,3.167524
Adamtsl1,1,0,0,1.32342,-1.00416,-1.72575
Atp8b1,1,1,1,2.582899,0.885358,1.245513
A730049H05Rik,1,1,1,4.423549,4.298442,2.696156
Clec4n,1,1,1,2.423799,0.753411,1.656125
Ecscr,1,1,1,1.158262,2.024599,1.192365
Nop2,1,1,1,1.085038,1.111992,1.616765
Mapk11,1,1,1,1.443634,1.683863,1.103857
Nop56,1,1,1,1.046951,0.857767,1.79998
Ddx21,1,1,1,1.376215,1.035283,0.798378
Nebl,0,0,0,-1.436,-0.78176,-1.23779
Sgpp2,0,0,0,-3.91076,-1.19203,-1.40701
Il1b,1,1,1,5.843132,4.322204,5.820949
Mctp2,1,1,1,6.774749,2.82513,2.145048
Nol12,1,1,1,1.045164,1.129167,0.922348
Epha4,0,0,0,-1.20179,-0.50019,-1.25702
mt-Rnr2,1,1,1,1.336179,1.43563,1.080424
Mill2,1,0,0,0.880615,-0.71047,-0.87156
Mfhas1,0,0,0,-0.82717,-0.52105,-0.86891
Ccl8,1,1,1,2.937458,1.577937,2.653139
Tmeff1,0,0,0,-2.03964,-1.05343,-1.16073
Nfatc1,0,0,0,-1.07042,-0.56083,-0.67435
Eif4ebp1,1,1,1,1.786669,0.985301,1.242388
Fkbp1a,1,1,1,1.022194,1.559794,0.837041
Lrrc59,1,1,1,1.098962,0.80217,0.6356
Lilrb4b,1,1,1,3.764986,2.348438,3.710779
Dcun1d5,1,1,1,1.125865,0.486499,0.665032
Snx20,1,1,1,1.924627,1.605881,2.152194
Ebf1,0,0,0,-0.90564,-0.49855,-1.03127
Slco1a4,0,0,0,-3.43001,-0.97524,-0.83167
Nabp1,1,1,1,2.183579,1.028318,1.623463
Pno1,1,1,1,1.29846,1.609428,0.88479
Ezh1,0,0,0,-0.93759,-0.52285,-0.56435
Tra2a,1,1,1,2.162117,0.450786,1.196069
Rapgef2,0,0,0,-0.96357,-0.7332,-0.7464
Tars1,1,1,1,0.885431,0.753828,1.319921
Nynrin,0,0,0,-1.36543,-0.33749,-0.89753
Mfsd6,0,0,0,-0.93152,-0.48791,-0.97189
mt-Rnr1,1,1,1,1.219681,1.280948,1.448327
C2cd4c,0,0,0,-2.954,-1.16283,-1.43733
Evi5,0,0,0,-0.91659,-0.35521,-0.4851
Egfl7,0,1,1,-1.90601,0.528849,0.662314
Ext1,1,1,1,1.033798,0.545966,0.662247
Hmgcs2,0,0,0,-1.97701,-0.82329,-1.35562
Megf9,0,0,0,-0.82727,-0.59515,-1.17215
Ftsj3,1,1,1,1.312864,1.14427,1.709871
Megf6,0,0,0,-4.45113,-1.22657,-0.68569
Specc1l,0,0,0,-0.75127,-0.58752,-0.60708
Yrdc,1,1,1,1.330874,0.915997,1.380727
Tll1,1,1,1,2.221489,2.044723,1.503412
Nanos1,0,0,0,-1.21807,-0.96108,-1.02353
Lgals3,1,1,1,1.866941,1.904369,4.680854
Tbrg4,1,1,1,1.009131,0.781735,1.439787
Ankrd6,0,0,0,-1.68944,-0.68565,-1.51136
Ptgds,1,0,0,1.169054,-0.72806,-2.02055
Ikzf1,1,1,1,1.477369,1.302712,2.583382
Col4a1,1,1,1,1.173622,1.046418,0.696877
Lifr,0,0,0,-1.00275,-0.67761,-1.3092
Clic1,1,1,1,1.204778,1.040335,0.77013
Hsph1,1,1,0,2.300975,0.589557,-0.80898
Pilra,1,1,1,2.897109,2.580004,4.898204
Slco2a1,0,1,1,-1.27428,1.746175,2.255807
Scn3b,0,0,0,-1.43781,-0.85062,-1.86907
Ran,1,1,1,1.091077,1.0948,0.840294
Pcca,0,0,0,-0.91979,-0.37652,-0.49198
Slco1c1,0,0,0,-3.74673,-0.70464,-0.97802
Emilin1,1,1,1,1.499995,0.765098,0.859868
Trem1,1,1,1,5.966125,4.850433,6.384576
Phlda1,1,1,1,1.94829,0.595785,1.733483
Abca4,1,0,1,1.651708,-1.05743,0.843719
Afg2a,1,1,1,1.165056,0.660099,0.844325
Runx1,1,1,1,1.828917,1.03814,1.589703
Treml2,1,1,1,3.474197,1.56412,3.10162
Xpr1,0,0,0,-1.06877,-0.54256,-0.6885
Mxi1,0,0,0,-0.78884,-0.71532,-0.68105
Kitl,0,0,0,-1.27116,-0.61514,-0.87494
Ak3,0,0,0,-0.98107,-0.66629,-0.87488
Tshz1,0,0,0,-1.27018,-0.47567,-0.79218
Ptx3,1,1,1,5.247317,2.267198,6.545186
Galnt17,1,0,0,1.176393,-0.87269,-1.27788
Vav1,1,1,1,1.326528,1.261072,2.465192
Mif,1,1,1,1.050255,0.86746,1.39269
Amd1,0,0,0,-1.33173,-0.73465,-0.78222
Ptch1,0,0,0,-0.99753,-0.54563,-0.72347
Calcoco1,0,0,0,-0.79545,-0.58246,-0.79121
A2m,1,1,1,1.799887,0.433533,1.538601
Wdr19,0,0,0,-1.54286,-0.54987,-0.63988
Zic3,0,0,0,-1.557,-0.80034,-0.57249
Mars1,1,1,1,0.89219,0.719875,0.585137
Psma7,1,1,1,1.004923,0.897078,0.651961
Ppp1r18,1,1,1,1.409482,0.612475,0.60587
Lsp1,1,1,1,1.463959,1.676305,3.772036
A630001G21Rik,1,1,1,2.282306,2.073248,2.173412
Shroom1,0,0,0,-1.90695,-0.58065,-0.79698
Hmbox1,0,0,0,-0.73387,-0.51601,-0.58848
Ddx39a,1,1,1,0.82577,1.475259,0.761393
Ipo4,1,1,1,0.858586,1.424765,0.941589
Prom1,0,0,0,-1.08926,-0.98885,-1.22266
Ccn1,1,1,1,1.978637,2.517741,2.500771
Socs7,1,0,0,0.813486,-0.38906,-0.61328
Impdh2,1,1,1,1.056303,1.004141,0.633736
Pdgfd,0,0,0,-1.33688,-0.68951,-0.99398
Utp18,1,1,1,0.993961,0.795787,0.599053
S100a1,0,1,0,-0.79171,0.343587,-0.68741
Gm56768,1,1,1,1.143936,0.843499,1.199238
Bcat2,1,1,1,0.985159,0.426845,0.781293
Flrt2,0,0,0,-1.57247,-0.74786,-1.18387
Bop1,1,1,1,0.94342,1.125938,1.01194
Klhl24,0,0,0,-0.9438,-0.94347,-0.88708
Tmem204,0,0,0,-1.28458,-0.37702,-1.07728
Pcmtd1,0,0,0,-0.79293,-0.94683,-0.79056
Csf2ra,1,1,1,1.342724,1.263668,1.41461
Ulk2,0,0,0,-0.69715,-0.51462,-0.92137
Cd52,1,1,1,2.13061,2.170901,4.675852
Smpdl3b,1,1,1,2.1072,2.055165,2.420982
Ocln,0,0,0,-1.1854,-0.5318,-0.90487
Morf4l2,1,1,1,1.035565,0.578216,0.466417
Tecpr1,0,0,0,-1.20554,-0.35251,-0.61106
Ctss,1,1,1,1.077674,0.995539,3.283747
Reck,0,0,0,-1.17197,-1.0662,-1.1319
Hspe1,1,1,1,1.522621,1.09102,1.566441
Vdr,1,1,1,5.911459,2.416878,3.871264
Mrto4,1,1,1,1.012962,1.466264,1.096214
Pum3,1,1,1,0.904535,1.030238,0.514591
Vps13d,0,0,0,-0.80471,-0.47574,-0.56747
Hcar1,0,0,0,-1.82776,-0.99699,-1.55556
Uba1,1,1,0,0.838942,0.42978,-0.43214
Cgnl1,0,0,0,-0.94458,-0.35413,-0.90227
Gars1,1,1,1,0.933794,0.686417,0.474848
Cd53,1,1,1,1.806658,1.187436,2.113455
Nr4a2,0,0,0,-1.31438,-0.80215,-1.09233
Gm74259,1,1,1,2.315768,2.027189,2.087709
Soat2,1,1,1,2.854825,1.058679,3.111158
Rps2,1,1,1,0.874167,1.632016,1.139527
Cnot6l,0,0,0,-1.22908,-0.5743,-0.54832
Jpt1,1,1,1,1.064791,1.169991,1.388784
Myo1g,1,1,1,2.474104,2.407127,3.756025
S100a9,1,1,1,4.028646,2.81242,3.527275
Ptn,0,0,0,-1.29062,-0.90059,-1.55072
Nolc1,1,1,1,0.789919,0.579164,0.831087
Ccl5,1,1,1,3.032139,2.011864,5.127544
Tfe3,1,1,1,0.909428,0.348698,0.618059
Srm,1,1,1,0.819093,1.705819,1.199261
Gpr132,1,1,1,3.742518,2.5843,4.619554
Zbtb4,0,0,0,-0.67187,-0.51229,-1.00145
Akr1c14,0,0,0,-1.4886,-1.1963,-1.57399
Vstm2b,0,0,0,-1.88347,-1.23891,-1.89861
4930430E12Rik,1,1,1,5.194909,2.88011,7.007995
Wdr43,1,1,1,0.953081,0.572484,0.952909
Cd151,0,1,0,-0.95496,0.542705,-0.58708
Nog,0,0,0,-2.26086,-1.27368,-3.17061
Il11,1,1,1,3.86937,7.507589,4.195683
Cdkn1c,0,0,0,-0.9099,-0.62821,-1.46
Ncoa1,0,0,0,-0.80114,-0.57195,-0.7749
Bicral,0,0,0,-0.84408,-0.49062,-0.66698
Fbl,1,1,1,1.109927,1.554618,1.376553
Ppan,1,1,1,1.140049,1.160801,2.153801
Ckap4,1,1,1,0.814487,0.79244,1.677924
Gas6,0,0,0,-1.19887,-0.83541,-1.15498
Sdad1,1,1,1,1.07837,0.668753,0.979477
Ltbp4,0,0,0,-1.28305,-0.71722,-1.59761
Hat1,1,1,1,0.957162,0.652881,0.884092
Nfkbid,1,1,1,2.169653,1.65054,1.903654
Mcm2,0,1,1,-1.32038,0.665899,1.744318
Arhgap30,1,1,1,1.133159,1.31049,3.304783
Htra1,0,0,0,-1.12264,-0.40046,-1.60666
Gulp1,0,0,0,-1.4684,-0.95584,-1.17531
9930038B18Rik,0,0,0,-3.39875,-0.81488,-1.59945
Adra2a,1,0,0,1.313348,-1.0653,-1.07455
Golt1b,1,1,1,0.996377,0.497239,0.705535
Filip1,0,0,0,-0.8276,-0.61669,-0.90862
Mdn1,1,1,1,1.073549,0.445299,0.829736
Plcb1,0,0,0,-0.86644,-0.92159,-0.94306
Gpr35,1,1,1,2.387708,3.731082,3.652962
Atp2a3,0,0,0,-1.11757,-0.7648,-1.57119
Brix1,1,1,1,0.852961,0.639746,0.596578
Fbln2,0,0,0,-1.44401,-0.7437,-1.50619
Rere,0,0,0,-0.7965,-0.37277,-0.45614
Actn1,1,1,0,0.907788,0.566807,-0.54838
Ampd2,1,1,1,1.119515,0.524766,0.778962
Thbs1,1,1,1,3.327912,2.427047,2.030123
Ackr1,1,1,1,7.241424,3.226462,4.381047
Polr1a,1,1,1,0.765548,0.635489,0.497125
Fam171a1,0,0,0,-0.93145,-0.28036,-0.95534
Cyp2d22,0,0,0,-1.27095,-0.59825,-0.79678
Hcn2,0,0,0,-1.19199,-1.09371,-1.60894
Sema5a,1,0,0,0.94129,-0.95728,-1.75425
Col4a2,1,1,1,0.97637,1.028435,0.811245
Ncl,1,1,1,0.782389,0.650705,0.606273
Pou2f3,1,0,0,1.899646,-0.67485,-1.44057
Atxn1,0,0,0,-0.95648,-0.59924,-1.23541
Ppm1j,1,1,1,1.646722,2.33691,1.850444
Snd1,1,1,1,0.666663,0.76172,0.773176
Slc25a51,0,0,0,-0.69927,-0.29108,-0.68436
Rabggtb,1,1,1,0.859554,0.678578,0.895584
Pus1,1,1,1,0.876021,1.111739,1.030236
Srrt,1,1,1,0.894861,0.508184,1.054336
Smad9,0,0,0,-1.51339,-0.78824,-1.6501
Sec61a1,1,1,1,0.78742,0.404033,0.702185
Tbc1d30,0,0,0,-1.08614,-0.7807,-1.15949
Ccn3,0,0,0,-1.04765,-0.94514,-2.68217
Rnf144b,0,0,0,-1.12288,-0.94873,-0.99348
Lpin3,1,1,1,3.890324,2.002673,2.097344
Crebl2,0,0,0,-0.74954,-0.82438,-0.92657
Lrrc8b,0,0,0,-0.99458,-0.43105,-0.67064
Gm38197,1,1,1,2.980269,1.657075,1.558903
Cep85l,0,0,0,-0.90034,-0.51726,-0.92093
Serpinb2,1,1,1,7.409795,5.821346,5.876716
Habp4,0,0,0,-0.59227,-0.30784,-1.13147
Lcn2,1,1,1,6.777748,2.079035,1.882601
Gab1,0,0,0,-0.8503,-0.54771,-0.58284
Pira12,1,1,1,4.44316,3.715295,6.197757
Odc1,1,1,1,1.384941,2.05636,1.851311
Farsa,1,1,1,0.793576,0.722087,1.340568
Atp1b1,1,0,0,1.14253,-0.95979,-1.72399
Lif,1,1,1,4.199555,6.214115,2.483816
Ormdl3,0,0,0,-0.9603,-0.3424,-0.64148
Gpatch4,1,1,1,0.844292,1.62308,1.611385
Prkd3,0,0,0,-0.77688,-0.48023,-0.49167
Hnrnpab,1,1,1,0.812434,0.62121,0.855113
Ank,0,0,0,-0.83568,-0.35819,-1.002
Utp20,1,1,1,0.901799,0.891913,0.571274
Ppp1r3c,1,0,0,1.008865,-0.76471,-1.31322
Hid1,1,1,1,1.342214,0.87123,1.033624
Sh2b2,1,1,1,1.914472,1.256543,1.863152
Mxd4,0,0,0,-1.09617,-0.49949,-0.87671
Paqr7,0,0,0,-1.48544,-0.35459,-0.97823
Extl3,0,0,0,-0.67895,-0.71236,-0.84264
Wdr6,0,0,0,-1.2671,-0.47021,-0.90532
Ccr7,1,1,1,2.903868,2.076225,5.976257
Ctu2,1,1,1,0.933249,0.730656,1.090795
Bak1,1,1,1,0.883639,0.739053,1.20254
Ppm1h,0,0,0,-0.92506,-0.77134,-0.86038
Clec5a,1,1,1,1.847779,1.764711,2.815948
Utrn,0,0,0,-0.70912,-0.85526,-0.93945
Gsr,1,1,1,0.829182,1.076249,1.07849
Emilin2,1,1,1,1.927719,2.818727,2.595894
Miga1,0,0,0,-0.78283,-0.61683,-0.45488
Sertad2,0,0,0,-0.83786,-0.3867,-0.66147
Sptbn1,0,0,0,-0.70805,-0.55916,-1.00132
Mmp14,1,1,1,1.071286,0.641064,2.121615
Rpl10,1,1,1,0.703156,0.712009,0.469125
Rsl1d1,1,1,1,0.803679,0.619014,0.834574
Ube2s,1,1,1,0.942447,0.571037,1.353889
Adamts8,1,1,1,1.54954,1.192903,1.20655
Fyco1,0,0,0,-0.89086,-0.88492,-0.73129
Mtap,0,1,1,-0.92047,0.448185,0.667721
Timp1,1,1,1,3.713318,3.411594,3.90909
Stim1,1,0,0,0.723301,-0.53233,-0.63808
Hmg20a,0,0,0,-0.78116,-0.38918,-0.56477
Hlf,0,0,0,-0.98527,-0.90313,-1.87769
Alox5ap,1,1,1,1.175757,1.890414,1.938482
Psmd11,1,1,1,0.783294,0.809164,0.543684
Scimp,1,1,1,3.762881,3.306515,4.442224
B3gnt5,1,1,1,2.226196,1.685239,2.909245
Npm1,1,1,1,0.737357,0.8638,1.135802
Ppp4c,1,1,1,0.808081,0.530045,0.641897
Snhg6,1,1,1,0.998206,1.042236,1.070149
Oip5os1,0,0,0,-0.68133,-0.54912,-0.80746
Ppm1k,1,0,0,1.065112,-0.50733,-0.88746
Mefv,1,1,1,3.938558,3.574501,5.789622
Hnrnpa2b1,1,1,1,0.731276,0.413009,0.922443
Wdr74,1,1,1,0.86949,1.106391,1.114312
Ptgfr,0,0,0,-1.49458,-1.30455,-1.9486
Npas2,1,0,0,1.95425,-1.73892,-1.49422
Neo1,0,0,0,-0.6685,-0.60499,-1.37369
Nat8f4,0,0,0,-1.59524,-1.0611,-1.37041
Nle1,1,1,1,0.975246,1.292946,1.828711
Rpsa,1,1,1,0.551036,1.176908,0.587432
Flt1,0,0,0,-0.76012,-0.56962,-0.76379
Elf4,1,1,1,1.49198,0.83182,1.73866
Tarm1,1,1,1,6.8671,3.719262,7.548692
Mindy2,0,0,0,-0.82624,-0.47459,-0.80505
Nuak1,0,0,0,-0.94532,-0.68604,-0.92065
Sema3c,0,0,0,-0.9282,-0.98062,-1.35815
Tm7sf3,0,0,0,-0.99035,-0.3794,-0.6131
Slc22a6,0,0,0,-1.10552,-1.21202,-2.73231
Sptan1,0,0,0,-0.6751,-0.31862,-0.72666
Atp8b4,1,1,1,2.740408,2.257687,3.477185
Slc7a2,1,0,0,0.92402,-0.62072,-1.4197
Ostc,1,1,1,0.730963,0.912863,0.734862
Snhg1,1,1,1,0.916425,0.831136,1.744508
Ctnna3,1,0,0,1.22384,-1.12731,-1.69995
Lsr,0,0,0,-1.01892,-0.28529,-0.67171
Smyd2,0,1,1,-1.12155,0.636108,1.060568
Was,1,1,1,1.284788,1.489257,2.6776
Samsn1,1,1,1,2.802876,1.828674,2.841651
Mak16,1,1,1,0.773955,0.923518,1.158642
Srgap2,0,0,0,-0.57409,-0.5871,-0.44288
Pfkm,0,0,0,-0.62263,-0.44599,-0.89346
Usf3,0,0,0,-0.76742,-0.42233,-0.57233
Zhx1,0,0,0,-0.48727,-0.5483,-0.64431
Naip2,0,1,1,-1.07998,0.693466,1.392369
Car4,0,0,0,-1.23982,-0.5888,-1.21422
Pycard,1,1,1,1.458146,1.071706,0.902262
Afg2b,1,1,1,0.849936,0.606094,0.777948
Sned1,0,0,0,-1.39962,-1.05222,-1.03822
Hspa4l,1,0,0,1.173049,-0.47998,-1.18777
Fam13c,0,0,0,-1.61653,-0.50748,-0.6516
Met,1,1,1,2.186377,2.469967,3.367445
Usp10,1,1,1,0.79521,0.482218,0.558838
Dnajc2,1,1,1,0.742927,1.000357,1.217543
Cables1,0,0,0,-1.4388,-0.86234,-1.38374
Srsf2,1,1,1,0.949976,0.63003,0.856368
Lynx1,0,0,0,-0.81114,-0.46823,-1.76877
Vcan,1,1,1,1.587627,2.151685,2.51433
Dennd11,0,0,0,-0.95492,-0.59077,-0.72144
Snhg15,1,1,1,2.03514,1.754634,2.751369
Lamb2,0,0,0,-0.5026,-0.32998,-1.12101
Eif4a1,1,1,1,0.931056,1.105093,1.134214
Prcp,0,1,1,-1.11778,1.30952,0.783556
Esyt2,0,0,0,-0.96187,-0.61825,-0.98953
Kcnt1,1,0,0,1.590773,-0.81698,-0.81607
Csf3r,1,1,1,1.385782,2.161436,1.784413
Slfn8,1,1,1,3.655206,1.030917,3.473272
Il18rap,1,1,1,3.472959,2.037225,4.588108
Fry,0,0,0,-0.90291,-0.701,-0.99328
Rhobtb1,0,0,0,-0.93468,-0.82937,-0.5664
Epm2a,0,0,0,-0.88965,-0.71265,-1.41318
Rpf2,1,1,1,1.087924,1.423989,1.979304
Rmnd5a,0,0,0,-0.68969,-0.64116,-0.81922
Susd4,0,0,0,-1.0863,-1.07487,-1.48851
Atp6v0a1,0,0,0,-0.63332,-0.36085,-0.91649
Klf15,1,0,0,1.370841,-0.72939,-1.69566
Tlr1,1,1,1,2.22904,1.524474,2.798295
Eif5a,1,1,1,0.733645,0.828808,0.662665
Msi2,0,0,0,-0.93061,-0.36851,-0.65591
Procr,1,1,1,0.988112,1.716389,1.265901
Skap2,1,1,1,0.685778,0.697129,1.278462
Cadm1,0,0,0,-0.72888,-0.51398,-0.60973
Mmd,0,0,0,-0.87176,-0.41769,-0.94039
Vstm4,1,0,0,0.827342,-0.90439,-1.53806
Sos2,0,0,0,-0.63529,-0.50311,-0.69283
Msx1,0,0,0,-0.70551,-0.70542,-0.77739
Prpf31,1,1,1,0.540293,0.679502,0.674139
Tma16,1,1,1,0.884712,0.750265,0.906792
Tlr13,1,1,1,1.368415,1.813613,1.725484
Atrnl1,1,1,0,0.580982,0.586807,-0.51685
Lypd1,0,0,0,-1.55178,-1.1584,-1.48587
Cabp1,1,0,0,1.12993,-0.53031,-1.23812
Fcf1,1,1,1,0.660389,0.491507,0.72332
Cct8,1,1,1,0.718006,0.753026,0.53515
Nkd2,0,0,0,-1.0819,-0.61378,-1.08024
Omd,1,0,0,1.410598,-1.31207,-1.02522
Aplp2,0,0,0,-0.68768,-0.38367,-0.9279
Sele,1,1,1,7.691952,3.196841,5.61259
Pgd,1,1,1,0.737112,1.120805,0.777276
Igf1,0,0,0,-1.28313,-0.81884,-1.03047
Ccp110,1,0,0,0.857862,-0.48947,-0.5952
Rab32,1,1,1,1.314219,1.168327,2.510135
Mkrn1,0,0,0,-0.66759,-0.34673,-0.58982
Jmjd6,1,1,1,0.852296,0.55064,0.646388
Mmp3,1,1,1,6.189787,7.310027,11.57428
Noc2l,1,1,1,0.703238,0.777708,0.716211
Cpeb4,1,0,0,0.863048,-0.50348,-0.81796
Naa10,0,1,1,-0.80307,0.767361,1.324529
2310022B05Rik,0,0,0,-0.64713,-0.37079,-1.17517
Prkce,1,0,0,0.731601,-0.50236,-1.40957
Itgam,1,1,1,1.27744,2.694704,2.365896
Pdlim3,1,0,0,0.621824,-0.8226,-1.24981
Rpl7a,1,1,1,0.582183,1.128263,0.644751
Abcc4,0,0,0,-1.16022,-0.84014,-0.48441
Igfbp7,1,1,1,0.924254,1.074085,0.711247
Snrpa1,1,1,1,0.732317,1.312712,0.749894
Itga2,1,1,1,2.573277,2.756979,2.718606
Trappc14,1,1,1,0.996468,0.581331,1.249484
Klf11,0,0,0,-0.89868,-0.40798,-0.92172
Dcdc2a,1,0,0,0.868505,-0.96893,-1.24367
Mettl2,1,1,1,0.808879,0.548311,1.12767
Apba1,0,0,0,-0.64314,-0.62578,-2.02095
Itprid2,0,0,0,-0.67215,-0.72286,-0.7427
Snrpd1,1,1,1,0.615868,1.126036,1.116448
Clec3b,1,0,0,1.472053,-1.12348,-1.53091
C1qtnf9,0,0,0,-1.07126,-0.94752,-1.00607
Rnf152,0,0,0,-0.64116,-0.69484,-1.45697
Syk,1,1,1,0.868953,0.970532,2.058849
Prdx5,1,1,1,0.597319,0.778443,0.812902
Nt5c2,0,0,0,-0.8524,-0.58837,-0.89201
2310061I04Rik,0,1,1,-0.77115,0.431104,1.053312
Dcaf13,1,1,1,0.687926,0.700944,0.760712
Sybu,0,0,0,-1.00433,-0.99604,-1.58306
Snrnp70,1,1,1,0.657165,0.478613,1.072942
Cyrib,1,1,1,0.731248,0.68052,0.904861
Ddx41,1,1,1,0.507353,0.549378,0.57913
Milr1,1,1,1,1.919235,2.068674,2.811342
Scn2b,1,0,0,0.816165,-0.79743,-2.62181
Coro1a,1,1,1,0.945914,2.076432,2.558305
Vopp1,0,1,0,-0.62642,0.35118,-0.52452
Lgmn,1,1,1,0.724269,0.815854,1.239742
Wdr36,1,1,1,0.712311,0.643427,0.633965
Ncoa2,0,0,0,-0.50265,-0.43173,-0.71029
Syne2,0,0,0,-0.79871,-0.62893,-0.48976
Gpr55,1,1,1,2.713916,2.316742,4.451173
Rasl11b,1,0,0,0.78576,-0.79614,-1.03581
Mcm5,0,1,1,-1.00145,1.080157,2.701757
Gar1,1,1,1,0.699793,1.101096,1.051368
Sec11c,0,1,1,-0.609,0.527831,1.20035
Mertk,1,0,0,0.650172,-0.42862,-0.95312
Nr3c2,0,0,0,-0.82345,-0.77776,-1.60176
Myo9a,0,0,0,-0.64122,-0.46122,-0.85183
Oxr1,0,0,0,-0.63228,-0.57114,-0.66248
Runx3,1,1,1,2.246054,3.343069,4.849372
Znrf3,0,0,0,-0.6467,-0.66866,-0.57164
Rasal2,0,0,0,-1.01542,-0.57282,-0.8597
Dstyk,0,0,0,-0.68101,-0.56276,-0.5672
Exoc3l,0,1,1,-1.6762,0.681425,1.883698
Rrs1,1,1,1,0.727612,0.972685,1.089411
Tubb2a,1,1,0,1.047552,0.67922,-0.84954
Phc3,0,0,0,-0.48948,-0.56049,-0.74477
Tex30,1,1,1,0.892048,0.711843,1.327955
Shmt1,1,1,1,1.563099,1.368222,2.161833
Retnlg,1,1,1,1.639865,2.780482,4.55425
Ranbp1,1,1,1,0.739648,1.018058,0.96539
Ilf2,1,1,1,0.519231,0.541957,0.576161
Atp2c1,0,0,0,-0.60579,-0.37879,-0.62644
Alcam,1,0,0,0.712026,-0.60331,-1.37846
Dennd5a,0,0,0,-0.40322,-0.49604,-0.52359
Snhg5,1,1,1,0.967262,0.541392,2.287717
Sgtb,0,0,0,-0.63074,-0.56573,-1.17682
Itga7,1,0,0,0.766616,-0.48744,-1.41832
Etl4,0,0,0,-0.72449,-0.7079,-1.12243
Mib1,0,0,0,-0.52155,-0.47883,-0.60763
Grk3,1,0,0,0.73675,-0.72577,-0.68272
Ro60,0,0,0,-0.62615,-0.4868,-0.61931
Egln1,0,0,0,-0.44008,-0.40729,-0.56576
Myo6,0,0,0,-0.62299,-0.60246,-1.1371
Mrps18b,1,1,1,1.016452,1.068204,1.346744
Rcc2,0,1,1,-0.70315,0.499138,0.498079
Npy1r,1,0,0,1.083105,-0.89538,-1.95001
9530053H05Rik,1,1,1,1.893431,2.151001,3.505769
Cklf,1,1,1,1.080311,1.439165,1.102718
Slc49a4,0,0,0,-0.60117,-0.35561,-0.59957
Thra,0,0,0,-0.42946,-0.7376,-1.336
Aaas,0,1,1,-0.64868,0.496386,1.668563
Jade1,0,0,0,-0.595,-0.67668,-0.69131
Oprl1,1,0,0,1.388155,-1.15185,-1.7786
Sgpl1,1,1,1,0.693001,0.51654,0.727855
Sorbs2,0,0,0,-0.64068,-0.55109,-0.92843
Tgfbi,1,1,1,0.895815,1.81496,1.376632
Xrcc6,0,1,1,-0.7412,0.842392,1.08124
Cysltr2,1,0,0,0.740048,-0.7789,-1.2442
Stxbp1,1,0,0,0.525187,-0.3624,-1.19366
Cd38,1,1,1,0.864579,0.958677,0.843194
Acacb,0,0,0,-0.83436,-1.11873,-0.82939
Ptpn18,0,1,1,-1.04371,0.739856,2.177873
Ppp2r1a,1,1,0,0.385739,0.314558,-0.53793
Mtus1,0,0,0,-0.59347,-0.45205,-0.82104
Btf3,1,1,1,0.544207,0.630635,0.637534
Fam111a,1,1,1,0.778889,1.482146,2.198473
Cramp1,0,0,0,-0.64253,-0.46504,-0.58505
Fbxo32,1,0,0,0.852867,-0.7759,-1.24764
Anp32b,1,1,1,0.429431,0.589553,0.970575
Dpy19l4,0,0,0,-0.57602,-0.45182,-0.44634
Gmfg,1,1,1,1.019565,0.816435,2.038392
Cacna1a,0,0,0,-0.92689,-0.56276,-1.27871
Pygl,1,1,1,0.783007,0.620611,0.976631
Ar,1,0,0,0.994682,-1.02587,-2.07493
Ppat,1,1,1,0.615649,0.734334,0.791773
Tmem64,0,0,0,-0.64265,-0.40512,-0.68186
Pstpip1,1,1,1,1.823853,2.209759,3.354775
Dtymk,0,1,1,-0.69285,0.7069,0.929845
Wdr55,1,1,1,0.637752,1.153085,1.390256
Ddx11,0,1,1,-1.24493,0.627571,2.484575
Rab11fip3,0,0,0,-0.47139,-0.41645,-0.74675
Epdr1,0,0,0,-0.56035,-0.56076,-1.6954
Abcc1,1,1,1,0.623252,0.780334,0.828476
Steap2,1,0,0,1.06963,-1.06712,-0.52538
2610035F20Rik,0,0,0,-1.17333,-0.69451,-0.85499
Spn,1,1,1,1.682958,2.07214,3.655572
Qser1,0,0,0,-0.57503,-0.44972,-0.48712
Fam136a,0,1,1,-0.66327,0.390086,0.581667
Il2rb,1,1,1,1.849781,1.401331,4.473823
Slc19a3,0,0,0,-0.95969,-1.5624,-1.25639
Adam15,0,1,0,-0.79452,0.723052,-0.65538
Zbtb20,0,0,0,-0.69727,-0.70567,-1.06753
I830077J02Rik,1,1,1,1.687621,2.061485,2.883149
Synpo2,0,0,0,-0.92443,-0.75914,-0.87923
Pik3r1,1,0,0,0.478057,-0.33457,-0.4233
Slc11a1,1,1,1,0.908635,0.832203,1.906454
Arhgap5,0,0,0,-0.84472,-0.61071,-0.86993
Atad3a,1,1,1,0.626329,1.075667,0.826789
Atp13a4,1,0,0,1.396439,-0.8183,-1.35349
Rac2,1,1,1,1.104946,1.905627,3.340167
Cd28,0,0,1,-2.45712,-1.70995,1.395551
Lrrc8d,1,1,1,0.592894,0.842613,1.012521
Dctpp1,0,1,1,-1.02893,1.389705,1.241098
Tnrc6b,0,0,0,-0.62397,-0.52596,-0.57554
Rfx3,0,0,0,-0.75892,-0.58306,-1.16092
Thoc6,1,1,1,0.604453,0.958693,1.415165
Aph1b,0,0,0,-0.6962,-0.48078,-1.26766
Nfat5,0,0,0,-0.55369,-0.59231,-0.45012
Lsg1,1,1,1,0.537539,0.449898,1.124518
Cbx7,0,0,0,-0.51394,-0.7347,-0.60975
Snhg17,1,1,1,1.137226,0.776414,2.24896
Heca,0,0,0,-0.62142,-0.69776,-0.52465
Nob1,1,1,1,0.597108,0.691296,0.908343
Slfnlnc,1,1,1,2.118459,2.364419,5.439839
Map7d2,1,0,0,0.845329,-0.77046,-0.77061
Itgax,1,1,1,1.721667,1.918081,5.424848
Wdr13,0,0,0,-0.49954,-0.4424,-0.74987
Mri1,0,1,1,-1.17889,0.967068,1.414944
Scara3,0,0,0,-0.6346,-0.5804,-1.56432
Rrm2b,0,0,0,-0.52688,-0.59972,-0.69596
Chpt1,0,0,0,-0.42544,-0.42294,-1.18121
Tcaf1,0,0,0,-0.47757,-0.35176,-1.08937
Rpl34,0,1,1,-0.91303,0.526511,0.879139
Tmc7,0,0,0,-1.26142,-1.00388,-1.3588
Rcan2,1,0,0,0.59215,-0.94539,-1.7946
4930523C07Rik,1,0,0,0.67653,-0.53136,-0.88601
Tiam2,0,0,0,-0.89757,-0.74621,-0.91191
Camta1,1,0,0,0.840448,-0.67311,-2.16524
Marchf8,0,0,0,-0.50684,-0.45602,-0.58988
Akr1b8,1,1,1,0.95997,1.708237,3.722311
Sesn1,0,0,0,-0.8769,-0.75759,-1.22611
Cst3,0,0,0,-0.52351,-0.59401,-0.88842
Dpp8,0,0,0,-0.43597,-0.33393,-0.55198
Zfp799,0,0,0,-0.69239,-0.58111,-1.34878
Abcb9,0,0,0,-0.67844,-0.52804,-1.69165
Mark1,1,0,0,0.567458,-0.54992,-1.12078
Nectin2,1,1,1,0.71409,0.630987,1.383191
Hsd11b1,1,1,0,0.775582,0.945693,-1.17334
Tnrc6c,0,0,0,-0.85564,-0.51449,-0.56338
Lonrf3,1,0,0,1.215385,-1.22842,-1.62657
Rbl2,0,0,0,-0.6023,-0.58497,-0.56958
Tppp3,0,0,0,-0.55089,-0.67301,-1.02923
Srp19,1,1,1,0.553811,0.498652,0.681794
Psma4,1,1,1,0.416068,0.879843,0.480034
Lmbrd1,0,0,0,-0.43675,-0.38344,-0.97929
Ntsr2,1,0,0,0.846487,-1.32936,-1.93037
Macir,1,1,1,0.696013,0.430651,0.604316
Palld,1,0,0,0.62219,-0.61033,-1.25907
Trak2,1,0,0,0.56795,-0.40168,-0.82063
Mogs,1,1,1,0.616731,0.971343,1.096898
Hdac5,0,0,0,-0.40033,-0.52897,-0.76948
Unc93b1,1,1,1,0.526845,0.477155,0.955188
Efnb3,0,0,0,-0.7574,-1.06539,-1.71553
Cd80,1,1,1,1.284485,0.915959,1.413721
Hmgcs1,1,1,0,0.77701,0.328592,-0.8063
Nudcd2,0,1,1,-0.59142,0.550155,1.306017
Clec4a1,1,1,1,0.977562,0.936643,1.380103
6430562O15Rik,0,1,1,-4.59862,1.794899,1.309309
Sirpb1c,1,1,1,2.517008,3.656633,7.40454
Polr1e,1,1,1,0.702499,1.781909,1.212751
8030451A03Rik,1,1,1,4.359774,4.357201,3.984988
Kidins220,0,0,0,-0.42208,-0.41493,-0.9202
Ogdhl,1,0,0,1.024753,-1.37217,-1.2291
Gm13861,1,0,0,0.560378,-0.83205,-1.10773
Phactr1,1,0,0,0.689791,-0.83101,-1.51654
Fyb1,1,1,1,1.204054,1.357621,2.616579
Ddx31,1,1,1,0.676759,1.062043,0.898982
Ptar1,0,0,0,-0.52395,-0.47694,-1.00402
Selenop,0,0,0,-0.7706,-1.11065,-0.8972
Zkscan1,0,0,0,-0.46713,-0.41343,-0.6662
Aatf,1,1,1,0.533364,0.824404,1.726264
Prrc2b,0,0,0,-0.41437,-0.38696,-0.79173
Dis3,1,1,1,0.492922,0.695322,0.630653
Cntfr,1,0,0,0.953652,-0.86651,-1.94448
Gm57852,0,0,0,-0.40226,-0.32003,-0.84163
Rrbp1,1,1,1,0.57861,0.57581,0.74625
Rasgrf2,0,0,0,-0.56346,-0.80789,-1.83017
Mtch2,1,1,1,0.380946,0.470798,0.575462
Srsf3,1,1,1,0.715989,0.504443,0.644201
Pilrb1,1,1,1,2.32275,2.757561,4.235682
Gm44220,0,0,0,-0.77838,-1.25513,-1.36998
Sirpb1a,1,1,1,2.980997,3.081376,2.360947
Alyref,1,1,1,0.527376,0.762275,1.053739
Rbm17,1,1,1,0.447934,0.48034,0.585192
Kif13a,0,0,0,-0.62368,-0.42115,-0.6272
Slc9a2,0,0,0,-0.49228,-0.47401,-1.18618
Gm20300,0,0,0,-0.58299,-0.46635,-1.21562
Cdadc1,0,0,0,-0.44565,-0.36846,-0.5557
Baiap3,1,0,0,0.884591,-0.90856,-1.77386
Kmt2c,0,0,0,-0.57546,-0.62331,-0.50276
G530011O06Rikx,1,1,1,1.308025,1.751061,4.996405
Gm72665,0,0,0,-1.02904,-1.35588,-2.71202
Nhsl1,0,0,1,-0.48451,-0.44034,0.659955
Fam98a,1,1,1,0.536712,0.416385,0.712164
Eif4e2,1,1,1,0.43472,0.490664,0.490633
Zfp715,0,0,0,-0.57862,-0.44318,-0.6562
Shq1,1,1,1,0.699514,1.092596,1.115091
Sphkap,1,0,0,0.928182,-1.40931,-2.91038
Chst15,1,0,0,0.766491,-0.69776,-1.01571
Larp6,1,0,0,0.730253,-0.75039,-1.90306
Ppp1r12a,1,0,0,0.582378,-0.41149,-0.53403
Mturn,0,0,0,-0.46183,-0.85539,-1.7127
Sbk1,0,0,0,-0.87578,-0.4406,-2.0215
Lars1,1,1,1,0.425396,0.382953,0.533525
Prkacb,0,0,0,-0.6206,-0.30505,-0.94634
Eif4ebp2,0,0,0,-0.42469,-0.34488,-0.65797
Timp3,1,0,0,0.69841,-0.8345,-1.21312
Adcy5,1,0,0,0.641733,-0.888,-2.08301
Pde5a,1,0,0,0.644313,-0.79077,-1.3853
Zfp652,0,0,0,-0.49031,-0.47112,-0.77735
Nup85,0,1,1,-0.42225,0.322847,0.838526
Fcho2,0,0,0,-0.49154,-0.62091,-0.52804
Pde7b,0,0,0,-0.71036,-0.6143,-0.70547
Dok3,1,1,1,1.053644,1.347204,1.998766
Rfc3,1,1,1,0.759319,0.916301,1.165067
S100a6,1,1,1,0.730117,1.034144,1.460139
Rps6,1,1,1,0.377007,0.390492,0.925073
Mtss2,0,0,0,-0.58014,-0.69035,-0.54979
Ecm2,0,0,0,-0.63835,-0.86764,-1.46914
Trip13,0,1,1,-1.80452,1.541406,3.672058
Ciao2a,0,1,1,-0.53613,0.442006,0.620928
Perp,1,0,0,0.516279,-0.77763,-1.26777
Ppm1e,1,0,0,0.630843,-1.02443,-1.86883
Sirpb1b,1,1,1,3.018105,2.957011,4.555035
Gpbp1l1,0,0,0,-0.42238,-0.47229,-0.62884
Mcm3,1,1,1,0.526526,0.73768,1.774128
Dkc1,0,1,1,-0.41468,0.850989,0.742836
Igip,0,0,0,-0.49335,-0.70797,-1.69319
Serinc5,0,0,0,-0.60166,-0.38458,-0.52384
Strn3,0,0,0,-0.48782,-0.41834,-0.49897
2700038G22Rik,1,1,1,2.005319,1.870644,3.91088
Arnt2,1,0,0,0.791495,-0.72816,-1.98819
Scube1,0,0,0,-0.72688,-0.74317,-1.76549
Adgrf5,1,0,0,0.450162,-0.61306,-0.77718
Gm44509,0,0,0,-0.84197,-0.7816,-1.30296
Stt3a,1,1,1,0.477785,0.614935,0.444437
Hivep1,1,0,0,0.594782,-0.55936,-0.87292
Fam76a,0,0,0,-0.48882,-0.34182,-0.68478
Sarnp,1,1,1,0.474303,0.454357,0.913869
Gfra2,1,0,0,0.492524,-1.12777,-2.19843
Arhgap29,0,0,0,-0.40508,-0.73121,-0.54751
Sparcl1,0,0,0,-0.36841,-0.83119,-1.12871
Setd1b,0,0,0,-0.63699,-0.42747,-0.75536
Tnfrsf9,1,1,1,2.842079,1.696853,6.212765
Tlcd5,1,0,0,0.53448,-0.82326,-1.11263
Cxcr2,1,1,1,2.22207,3.45543,6.351223
Lpin1,1,0,0,0.701832,-0.90964,-0.76058
Kcna2,1,0,0,1.053912,-1.08979,-2.5521
Scamp1,0,0,0,-0.3965,-0.46359,-0.87122
Shroom4,0,0,0,-0.3654,-0.39985,-0.54874
Epha3,0,0,0,-0.70528,-0.90173,-1.72453
Cdk4,0,1,1,-0.45511,0.680626,0.992698
Tifab,1,1,1,1.015203,1.271402,2.638762
G0s2,1,1,0,0.703382,0.760702,-1.52084
Nlgn2,1,0,0,0.652446,-0.49056,-1.14323
Gm59984,1,0,0,1.890389,-1.24078,-1.24796
Chd3,0,0,0,-0.63789,-0.53597,-1.05304
Pus7,1,1,1,0.463801,1.068944,1.31074
Ndrg2,1,0,0,0.594401,-0.61122,-1.16648
Sec61b,1,1,1,0.464491,0.964613,1.12893
Cdc42bpg,0,0,0,-0.44458,-0.5031,-0.75177
Sf3b3,1,1,1,0.433612,0.361254,0.53193
Wdr46,1,1,1,0.433228,1.197284,1.113964
Abr,0,0,0,-0.43072,-0.52447,-1.03413
Mmp17,1,0,0,0.679039,-0.63006,-1.06066
Atp10a,0,0,0,-0.69118,-1.12162,-0.97073
Prkca,1,0,0,0.648157,-0.51486,-1.43886
Rassf5,1,1,1,0.635919,0.900175,1.120406
Wasf3,1,0,0,0.439912,-0.71216,-0.9645
Sharpin,0,1,1,-0.43791,0.349387,0.788676
5730455P16Rik,0,0,0,-0.57985,-0.47654,-0.66058
Rpl18,1,1,1,0.422045,0.751183,1.078396
E2f4,1,1,1,0.379104,0.417611,0.787941
Dpysl2,0,0,0,-0.40138,-0.51951,-1.40211
Ccnd1,0,1,1,-0.79405,0.740615,1.016421
Setd7,1,0,0,0.319101,-0.50273,-0.73312
Pfn2,0,0,0,-0.56088,-0.69865,-1.11388
Dlg3,1,0,0,0.562456,-0.51095,-0.70101
Cmbl,0,0,0,-0.61902,-1.2208,-1.45546
Fth1,1,1,1,0.681131,0.398276,0.480521
Arhgef9,0,0,0,-0.47788,-0.70149,-1.97122
Icam2,0,1,0,-0.52386,0.732961,-0.58473
Tbcel,0,0,0,-0.51029,-0.37899,-0.76593
Ctsw,0,1,1,-1.04046,2.242722,1.547694
Mmp12,1,1,1,1.823345,3.346332,4.036012
Atf5,1,1,0,0.61371,0.356208,-0.61178
Gpn1,1,1,1,0.384769,0.488276,0.609931
Pkd1,0,0,0,-0.38531,-0.51884,-0.56416
Pdcd11,1,1,1,0.377938,0.44875,0.73164
Rhbdl2,0,1,1,-1.92654,3.205698,3.442848
Casq2,1,0,0,0.604459,-1.06196,-2.02416
Spaar,0,0,0,-0.82815,-0.73894,-0.67425
Tcf20,0,0,0,-0.57261,-0.41901,-0.61857
Fam135a,0,0,0,-0.44854,-0.48697,-0.50686
Ccr2,1,1,1,1.071731,2.716487,3.910385
Amer2,1,0,0,1.113554,-1.10334,-1.99047
Peg13,0,0,0,-0.4917,-0.67386,-1.23896
Crlf2,1,1,1,0.657115,1.303344,0.938189
Sesn2,1,1,1,0.849229,0.610733,1.089844
Ankrd50,0,0,0,-0.42475,-0.59543,-1.25434
Mvb12a,1,1,1,0.631275,0.43957,0.741568
Adap2,1,0,0,0.674709,-0.64885,-0.56901
Mtmr7,1,0,0,0.677206,-0.77167,-0.95164
Ralbp1,0,0,0,-0.48845,-0.50674,-0.77024
Doc2b,1,0,0,2.400935,-0.84259,-0.95057
Ak2,1,1,1,0.398015,0.741994,1.043891
Umps,1,1,1,0.520304,0.779262,0.916836
2810013P06Rik,0,0,0,-0.63821,-0.5566,-0.97502
Telo2,0,1,1,-0.58542,0.685844,0.708053
Ppp3cc,0,0,0,-0.37883,-0.39062,-0.6588
Cstb,0,1,1,-0.40105,0.603742,1.361881
Zfp729b,0,0,0,-0.52023,-0.46049,-0.58885
Gale,1,1,1,0.861356,1.815086,2.36382
Prim2,0,1,1,-0.55538,0.730866,1.203998
Zc3h7b,0,0,0,-0.43755,-0.32638,-0.58248
Pard3,1,0,0,0.485764,-0.4834,-0.47366
Tmcc2,1,0,0,0.519786,-0.5924,-1.58789
Il21r,1,1,1,1.090506,1.225578,2.472718
Mthfd1l,1,1,1,0.666579,0.894249,3.719318
Kcnma1,1,0,0,0.826895,-1.24462,-2.53805
Zbtb47,0,0,0,-0.48251,-0.51972,-1.34399
Grip2,1,0,0,0.638564,-0.94263,-2.09096
Fmnl1,1,1,1,0.636776,1.371013,1.057966
Nbea,0,0,0,-0.51863,-0.64082,-1.12656
Zfp664,0,0,0,-0.29098,-0.46999,-0.65566
Pink1,0,0,0,-0.44888,-0.71275,-1.20897
Pfn1,1,1,1,0.400108,1.037367,0.949471
Nr1d2,0,0,0,-0.62158,-0.42803,-0.95684
Set,1,1,1,0.34171,0.620383,0.45662
Ankrd12,0,0,0,-0.47852,-0.56027,-0.72616
Scrn1,0,0,0,-0.85442,-0.71847,-1.63635
Ugt8a,0,0,0,-0.96442,-1.07291,-2.32087
Pcx,0,0,0,-0.41354,-0.45263,-1.22323
Cd68,1,1,1,0.642833,0.8377,0.960559
Srsf6,1,1,1,0.515829,0.475871,0.822878
Atp1b2,1,0,0,0.287932,-0.87355,-1.52788
Rps6ka5,0,0,0,-0.50631,-0.51653,-0.95478
Arl4a,0,0,0,-0.61877,-0.45503,-0.80198
Napsa,1,1,1,1.78772,1.033207,2.769011
Prmt3,1,1,1,0.406066,1.174029,0.703241
Akap11,1,0,0,0.47051,-0.59276,-1.20888
Kdm4c,0,0,0,-0.38777,-0.31329,-0.55712
Dtna,1,0,0,0.643652,-0.67235,-1.45144
Fkbp10,0,1,1,-0.61124,1.026232,1.302148
Rplp2,1,1,1,0.401794,0.771284,1.031553
Fbxl20,0,0,0,-0.51259,-0.64653,-0.56872
Pgrmc1,0,0,0,-0.33085,-0.40364,-0.83493
Usp9x,1,0,0,0.48139,-0.26927,-0.5937
Nubp1,1,1,1,0.506763,0.925098,1.241179
Dgkb,1,0,0,0.59087,-0.81418,-2.38142
Apobr,1,1,1,1.205252,1.547226,2.374822
Cd83,0,0,1,-1.38838,-1.05494,0.708533
2610035D17Rik,0,0,1,-0.79925,-0.4817,1.420473
Slc39a11,0,1,1,-0.50677,0.617407,0.985526
Gngt2,1,1,1,0.656295,1.579829,1.221317
Serpini1,1,0,0,0.525967,-0.71157,-1.55283
Has1,1,1,1,2.741323,2.604798,1.281938
Srsf1,1,1,1,0.547322,0.571546,0.641016
Mrpl24,1,1,1,0.387186,0.382576,0.842178
Tspyl4,0,0,0,-0.47096,-1.16146,-2.10338
Zmynd11,0,0,0,-0.32439,-0.36294,-0.53966
Pabpc1,1,1,1,0.371675,0.436437,0.763631
Golm2,0,0,0,-0.48375,-0.54073,-0.72312
Ccdc186,1,0,0,0.391052,-0.43012,-0.61898
Fgf13,0,0,0,-0.59361,-1.05446,-2.05012
Tub,0,0,0,-0.63509,-1.1527,-1.53672
Eef1g,1,1,1,0.334488,0.702611,0.610237
Inpp5a,1,0,0,0.360544,-0.41922,-0.98232
Eif5b,1,1,1,0.542013,0.38641,0.553388
Fubp1,1,1,1,0.456403,0.717616,0.692895
Phf2,0,0,0,-0.30027,-0.38277,-0.88825
Gpaa1,0,1,1,-0.4404,0.593639,0.807276
Ston1,1,0,0,0.494513,-0.66443,-1.21258
Mid2,0,0,0,-0.53985,-0.60887,-0.89993
Gng7,0,0,0,-0.67805,-0.7876,-1.99051
Gabarapl1,0,0,0,-0.3746,-0.37246,-0.92933
Eif3g,1,1,1,0.343739,0.573707,0.989405
Rcc1,1,1,1,0.637891,0.843174,1.614308
Timm10,1,1,1,0.439628,1.132102,0.77276
Rpl27,1,1,1,0.459762,0.861068,1.01833
Gm19951,1,1,1,4.305304,3.875665,5.461921
Trim33,0,0,0,-0.38204,-0.39673,-0.6296
Mboat2,1,0,0,0.502444,-0.98812,-1.33348
Flrt1,1,0,0,1.058263,-1.26778,-2.15829
Adgra1,0,0,0,-0.89034,-0.82645,-1.89942
Gxylt2,0,0,0,-0.81876,-1.0422,-1.25362
Ap3m2,0,0,0,-0.41403,-0.60058,-0.69708
Ptpru,1,0,0,1.331999,-0.73178,-0.77979
Pole2,0,1,1,-1.00454,0.944321,2.428875
Wipf3,1,0,0,0.952771,-1.147,-1.59806
Nat10,1,1,1,0.422796,1.044972,1.203668
Gjb6,1,0,0,0.5707,-1.48981,-2.53258
Ppih,0,1,1,-0.60125,0.901528,1.472779
Pmvk,0,1,0,-0.30703,0.381455,-0.96561
Enah,1,0,0,0.386587,-0.5401,-1.26216
Lilrb4a,1,1,1,3.404785,1.682016,2.137114
Plbd1,1,1,1,0.88909,1.996339,3.4666
Penk,0,0,0,-0.69475,-1.28007,-2.69374
Wdr77,1,1,1,0.497973,0.700962,0.731631
Gpam,0,0,0,-0.4976,-0.35158,-0.9829
Sap30,1,1,1,0.599446,0.590653,0.879204
Aff4,1,0,0,0.374147,-0.44196,-0.56753
Exosc5,0,1,1,-0.47761,0.56565,1.047844
Rdh10,1,1,1,0.783127,1.55679,1.122566
Kat2a,0,1,1,-0.49691,0.751152,0.573277
Cad,0,1,1,-0.38495,0.727832,0.690021
Cyb5a,0,1,0,-0.34111,0.373603,-0.67655
Babam2,1,1,1,0.303199,0.601195,0.864192
Zfp871,0,0,0,-0.32384,-0.3857,-0.55418
Sytl2,0,0,1,-0.69729,-0.69831,1.349203
Fkbp11,1,1,1,0.909084,1.773221,2.260874
Ifi206,1,1,1,1.45819,2.800594,5.098973
Frmd6,0,0,0,-0.52963,-0.43784,-0.67635
Ptpn11,1,0,0,0.265234,-0.36648,-0.65588
Htra2,0,1,1,-0.67044,0.520579,1.534942
Rpl6,1,1,1,0.325299,0.760969,0.700593
Usp32,0,0,0,-0.36802,-0.46444,-0.65909
Slc30a10,1,0,0,0.432396,-0.75188,-1.48457
Rin2,1,0,0,0.367495,-0.695,-0.73038
Tox3,0,0,0,-0.78928,-0.97228,-1.10612
Chd6,0,0,0,-0.31756,-0.54791,-0.50247
Atg14,0,0,0,-0.3514,-0.46244,-0.74791
Psat1,1,1,1,0.553087,0.505142,1.004844
Prickle2,1,0,0,0.382332,-0.7428,-2.06117
Nudt5,0,1,1,-0.47571,0.593084,0.791042
Nfam1,1,1,1,0.488642,1.08959,1.144584
Fez2,1,1,0,0.393394,0.498876,-0.57737
Dennd4c,0,0,0,-0.34779,-0.70645,-0.59422
Ahcyl2,0,0,0,-0.32577,-0.76532,-0.53416
Syngr2,1,1,1,0.34209,0.401217,0.720799
Pik3ip1,0,0,0,-0.56883,-0.56201,-0.94073
Cd244a,1,1,1,2.030044,2.691033,5.032435
Dera,0,1,1,-0.56425,0.602687,1.208489
Il7r,1,1,1,1.364031,2.281479,4.16153
Ifrd2,1,1,1,0.497984,0.922397,1.04456
Gm75391,0,0,0,-0.6212,-1.17858,-0.86285
Pcnx1,0,0,0,-0.3534,-0.46355,-0.57888
Rps20,1,1,1,0.367276,0.377489,0.86157
Zyg11b,0,0,0,-0.32394,-0.33144,-1.23083
Gdf10,0,0,0,-1.22455,-2.54158,-3.41431
Ncln,1,1,1,0.294534,0.672935,0.848873
Nap1l3,0,0,0,-0.50157,-0.76349,-1.61888
Crybg3,0,0,0,-0.36548,-0.54692,-0.61091
H2bc21,0,0,0,-0.53713,-0.63602,-1.05103
Ccdc85a,0,0,0,-1.2259,-0.84568,-0.58557
Ssr4,1,1,1,0.303995,1.016424,0.836114
Snx13,0,0,0,-0.33145,-0.52613,-0.75088
Rtcb,1,1,1,0.338015,0.267138,0.530823
Nckap1l,1,1,1,0.493186,0.963958,1.73896
Ppid,1,1,1,0.542495,0.584626,0.49815
Usp11,1,0,0,0.38157,-0.65621,-1.40425
Sgms1,0,0,0,-0.46802,-0.9306,-1.17875
Emg1,1,1,1,0.344234,0.637763,0.674803
Ctso,0,0,0,-0.45541,-0.36961,-0.65302
Itpr1,1,0,0,0.397753,-0.80872,-1.22789
Thsd7a,0,0,0,-0.49132,-0.82603,-1.64524
Cyfip2,1,0,0,0.64073,-1.0067,-1.35253
Rpl12,1,1,1,0.311905,1.117639,1.383804
Rab44,1,1,1,4.320786,3.979771,7.331626
Wdfy3,0,0,0,-0.35849,-0.49179,-0.73126
Tspan3,0,0,0,-0.2696,-0.41447,-0.62611
Lsm12,1,1,1,0.456421,0.728826,0.517677
Kcnk1,1,0,0,0.639495,-1.08265,-1.06033
Gprc5b,1,0,0,0.343305,-0.42833,-1.34758
Rasgef1b,1,0,0,0.389349,-0.80876,-0.95907
Rora,0,0,0,-0.3344,-0.85658,-1.38337
Adpgk,1,1,1,0.427146,0.628273,0.859737
Fbln7,1,0,0,0.629864,-1.5241,-2.01579
Pals1,1,0,0,0.375219,-0.4713,-0.47863
Pwp1,1,1,1,0.358766,0.701509,0.627346
Daam2,1,0,0,0.35302,-0.89092,-1.24719
Brinp2,1,0,0,0.594564,-1.12743,-2.18214
Tyrobp,1,1,1,0.470464,0.904762,1.978543
Mapk12,0,1,1,-0.4517,0.599878,1.377567
Zscan26,0,0,0,-0.32386,-0.44655,-0.61703
Mecp2,1,0,0,0.249087,-0.52126,-0.71391
Pilrb2,1,1,1,2.095399,2.272316,3.825097
Zfhx4,1,0,0,0.784816,-0.99981,-0.91795
Myo1f,1,1,1,0.730503,1.74923,2.511814
Lamb1,0,1,1,-0.42008,0.916668,1.297912
Ids,0,0,0,-0.31944,-0.45382,-1.1927
Hdac11,1,0,0,0.357947,-0.98604,-1.67242
Tmem106b,0,0,0,-0.2899,-0.44249,-0.99004
4933431E20Rik,0,0,0,-0.55656,-0.75288,-1.15006
Gpr165,0,0,0,-0.83213,-1.71721,-2.68063
Herc1,0,0,0,-0.37967,-0.50824,-0.46695
Arhgdib,0,1,1,-0.34395,0.748584,0.590106
Agt,1,0,0,0.710178,-2.04846,-2.71224
Uck2,1,1,1,0.465131,0.730592,0.931889
Phactr3,1,0,0,0.773874,-1.30414,-2.0128
Armh4,1,0,0,0.582571,-1.21222,-1.93988
Rps13,1,1,1,0.336414,0.584061,1.062894
Gm56971,1,0,0,0.82896,-1.51959,-2.20242
Id4,0,0,0,-0.61893,-1.20301,-1.80624
Kcnj10,1,0,0,0.466059,-0.63027,-1.39631
Tcp11l2,0,0,0,-0.39429,-0.62418,-0.94369
Pa2g4,1,1,1,0.301744,0.779838,0.57843
Magee1,0,0,0,-0.33288,-0.41939,-1.80262
Slc6a20a,1,0,0,0.499005,-1.15072,-1.38222
Sptb,1,0,0,1.251283,-1.18646,-2.47145
Clec7a,0,1,1,-0.9389,1.160854,4.745123
Eng,0,1,0,-0.28188,0.356877,-0.53637
Havcr2,1,1,1,0.89459,1.40455,3.013141
Kcnk2,1,0,0,0.391785,-1.14633,-1.32063
Akap6,1,0,0,0.609735,-1.17794,-2.52306
Zer1,0,0,0,-0.34778,-0.51603,-0.57246
Mcts1,0,1,1,-0.3201,0.563307,0.990202